Id,Title,Author,Price
1,Free Radicals,Rhys Nobes,$1638.68
2,Fireman,Selma Romand,$1535.61
3,Black Water,Michaela Yendall,$1321.38
4,Climate of Change,Lisbeth Stobie,$993.22
5,Terror on a Train (Time Bomb),Elianora Ilyasov,$1841.76
6,9to5: Days in Porn,Ingeberg Bleazard,$1277.42
7,Kitchen Party,Buck Mackerness,$894.45
8,Varg Veum - Bitter Flowers,Teador Twentyman,$1409.31
9,Stockholm East,Wat McNeely,$1835.76
10,Last Year at Marienbad,Jenelle Currell,$1543.03
11,D.C. Cab,Chrissy Roots,$1519.44
12,Slingshot Hip Hop,Shandra Clementucci,$1221.31
13,Parked,Tabatha Mervyn,$1036.47
14,Bank Dick,Coletta Gonsalvez,$835.59
15,Love Sick Love,Lorain Hakonsson,$1134.61
16,Bedazzled,Demetra Iglesias,$1556.73
17,Anchorman 2,Wynn Amberson,$880.93
18,Fathom,Sidonnie Stegel,$1413.52
19,Yellow Handkerchief,Florencia Rubinfeld,$1226.31
20,Blown Away,Sianna Sayles,$1701.27
21,Shower (Xizao),Janifer Chessum,$1771.03
22,Catwalk,Robinson Lindeboom,$1031.60
23,Haunt,Misha Tabor,$838.89
24,Cousin cousine,Samaria Castelletto,$961.00
25,Hit Squad,Gregory Tinan,$1478.81
26,Girl in the Cadillac,Jory Bernat,$1189.13
27,Green Tea,Alwyn Rosling,$1581.19
28,Doulos,Jujenios in Falklands,$1233.02
29,Dangerous Method,Elsbeth Puden,$1221.52
30,Southern Comfort,Wolfie Grindrod,$793.51
